img_name,class
test_img_187326435.jpeg,1
test_img_146206668.jpeg,1
test_img_87593255.jpeg,2
test_img_110497814.jpeg,2
test_img_8797519.jpeg,2
test_img_94206907.jpeg,1
test_img_146418397.jpeg,0
test_img_53726213.jpeg,0
test_img_182955740.jpeg,1
test_img_147949850.jpeg,1
test_img_34178130.jpeg,0
test_img_151725216.jpeg,2
test_img_74377142.jpeg,0
test_img_115847727.jpeg,1
test_img_36370980.jpeg,2
test_img_137788416.jpeg,0
test_img_191110089.jpeg,2
test_img_52083818.jpeg,1
test_img_68394941.jpeg,2
test_img_153990933.jpeg,1
test_img_58540020.jpeg,2
test_img_64769582.jpeg,2
test_img_174687412.jpeg,1
test_img_145474129.jpeg,2
test_img_64456410.jpeg,0
test_img_19170934.jpeg,1
test_img_107442424.jpeg,0
test_img_193764567.jpeg,1
test_img_52601207.jpeg,1
test_img_116733396.jpeg,2
test_img_163997984.jpeg,1
test_img_68879576.jpeg,2
test_img_152120539.jpeg,2
test_img_49879224.jpeg,2
test_img_123993561.jpeg,0
test_img_180492708.jpeg,2
test_img_63313169.jpeg,2
test_img_2688233.jpeg,1
test_img_56269076.jpeg,1
test_img_58016675.jpeg,2
test_img_40357144.jpeg,0
test_img_106173076.jpeg,2
test_img_102510488.jpeg,2
test_img_26331181.jpeg,0
test_img_95162293.jpeg,1
test_img_75552785.jpeg,2
test_img_3556466.jpeg,1
test_img_54870283.jpeg,2
test_img_128020761.jpeg,1
test_img_198410132.jpeg,1
test_img_174430994.jpeg,2
test_img_174595944.jpeg,0
test_img_140144929.jpeg,1
test_img_93484942.jpeg,1
test_img_115837331.jpeg,0
test_img_176353865.jpeg,1
test_img_154666147.jpeg,0
test_img_173090484.jpeg,0
test_img_97438050.jpeg,1
test_img_91223424.jpeg,0
test_img_56641688.jpeg,2
test_img_86566400.jpeg,2
test_img_170550175.jpeg,0
test_img_105482604.jpeg,2
test_img_56378421.jpeg,2
test_img_141665597.jpeg,0
test_img_109840168.jpeg,2
test_img_90908838.jpeg,2
test_img_128058589.jpeg,1
test_img_196378976.jpeg,0
test_img_157335495.jpeg,2
test_img_194181583.jpeg,1
test_img_135794761.jpeg,1
test_img_129882275.jpeg,0
test_img_138640892.jpeg,1
test_img_53255047.jpeg,0
test_img_138223414.jpeg,2
test_img_108027229.jpeg,0
test_img_7393492.jpeg,1
test_img_185466343.jpeg,2
test_img_190495676.jpeg,1
test_img_3692524.jpeg,2
test_img_51198334.jpeg,2
test_img_147430031.jpeg,1
test_img_105428710.jpeg,2
test_img_173541819.jpeg,0
test_img_151483856.jpeg,2
test_img_171996764.jpeg,2
test_img_142147207.jpeg,2
test_img_44420076.jpeg,2
test_img_148464168.jpeg,1
test_img_102663583.jpeg,1
test_img_59359696.jpeg,1
test_img_107386099.jpeg,1
test_img_149639759.jpeg,0
test_img_37114838.jpeg,0
test_img_191453578.jpeg,2
test_img_113630102.jpeg,2
test_img_179099354.jpeg,2
test_img_80433517.jpeg,2
test_img_82831859.jpeg,2
test_img_104345865.jpeg,0
test_img_151220216.jpeg,1
test_img_191373171.jpeg,1
test_img_21403224.jpeg,1
test_img_99748689.jpeg,2
test_img_93364434.jpeg,2
test_img_132274321.jpeg,2
test_img_143566649.jpeg,2
test_img_87287661.jpeg,2
test_img_45893696.jpeg,2
test_img_102881766.jpeg,0
test_img_49613397.jpeg,2
test_img_78539766.jpeg,1
test_img_140251733.jpeg,1
test_img_15572572.jpeg,1
test_img_42512990.jpeg,1
test_img_66985207.jpeg,1
test_img_139208804.jpeg,2
test_img_28016397.jpeg,2
test_img_182216343.jpeg,2
test_img_103018416.jpeg,0
test_img_182112210.jpeg,1
test_img_159507800.jpeg,0
test_img_144270155.jpeg,1
test_img_134124070.jpeg,2
test_img_165767026.jpeg,2
test_img_111487037.jpeg,1
test_img_97106842.jpeg,2
test_img_39144176.jpeg,0
test_img_151272988.jpeg,0
test_img_4742313.jpeg,1
test_img_58083828.jpeg,0
test_img_189098981.jpeg,2
test_img_159041150.jpeg,0
test_img_128685129.jpeg,2
test_img_53379637.jpeg,1
test_img_172808215.jpeg,2
test_img_149585466.jpeg,0
test_img_170105388.jpeg,2
test_img_38458827.jpeg,2
test_img_53211498.jpeg,0
test_img_98748121.jpeg,0
test_img_56937882.jpeg,2
test_img_34217170.jpeg,1
test_img_99796326.jpeg,0
test_img_182570844.jpeg,1
test_img_124913831.jpeg,1
test_img_28892604.jpeg,2
test_img_113498331.jpeg,0
test_img_68014623.jpeg,0
test_img_69071272.jpeg,2
test_img_184805679.jpeg,1
test_img_139657884.jpeg,0
test_img_45879261.jpeg,0
test_img_4332096.jpeg,2
test_img_12247867.jpeg,2
test_img_59681827.jpeg,1
test_img_19178670.jpeg,2
test_img_120736574.jpeg,1
test_img_64190148.jpeg,2
test_img_110230241.jpeg,2
test_img_85130355.jpeg,0
test_img_48587226.jpeg,1
test_img_12756961.jpeg,2
test_img_63230069.jpeg,1
test_img_23164813.jpeg,1
test_img_87307458.jpeg,1
test_img_153207660.jpeg,1
test_img_5782540.jpeg,2
test_img_169382836.jpeg,1
test_img_3863699.jpeg,2
test_img_92439440.jpeg,1
test_img_181604704.jpeg,0
test_img_134988416.jpeg,1
test_img_126571165.jpeg,2
test_img_6377967.jpeg,0
test_img_99335020.jpeg,2
test_img_68583924.jpeg,0
test_img_20618080.jpeg,2
test_img_39220452.jpeg,0
test_img_52271253.jpeg,2
test_img_86048622.jpeg,1
test_img_86900956.jpeg,1
test_img_44735892.jpeg,1
test_img_20349242.jpeg,2
test_img_170870188.jpeg,0
test_img_37433876.jpeg,0
test_img_50722474.jpeg,0
test_img_150317130.jpeg,0
test_img_116808104.jpeg,0
test_img_189336175.jpeg,1
test_img_72493170.jpeg,0
test_img_119548593.jpeg,0
test_img_96768776.jpeg,1
test_img_66166173.jpeg,1
test_img_130573299.jpeg,0
test_img_158056130.jpeg,0
test_img_55255843.jpeg,1
test_img_47360211.jpeg,2
test_img_173221707.jpeg,2
test_img_144426124.jpeg,2
test_img_112371433.jpeg,0
test_img_198097398.jpeg,1
test_img_62066844.jpeg,2
test_img_184790964.jpeg,0
test_img_17738543.jpeg,1
test_img_199274702.jpeg,0
test_img_24692249.jpeg,2
test_img_187902064.jpeg,0
test_img_158984973.jpeg,1
test_img_52855005.jpeg,0
test_img_56990717.jpeg,2
test_img_56199173.jpeg,2
test_img_167626658.jpeg,1
test_img_23208065.jpeg,1
test_img_38482406.jpeg,2
test_img_130291809.jpeg,0
test_img_187160067.jpeg,2
test_img_69796592.jpeg,1
test_img_12261518.jpeg,2
test_img_129789076.jpeg,0
test_img_45982669.jpeg,1
test_img_20431371.jpeg,2
test_img_150472324.jpeg,2
test_img_73351742.jpeg,2
test_img_160920384.jpeg,2
test_img_40622174.jpeg,1
test_img_58906581.jpeg,2
test_img_20199200.jpeg,1
test_img_180046380.jpeg,1
test_img_195526093.jpeg,0
test_img_179574823.jpeg,0
test_img_51529126.jpeg,2
test_img_70075545.jpeg,2
test_img_183064397.jpeg,1
test_img_131402639.jpeg,0
test_img_139506027.jpeg,2
test_img_156313418.jpeg,2
test_img_100474106.jpeg,2
test_img_188865963.jpeg,0
test_img_119221150.jpeg,0
test_img_169016681.jpeg,2
test_img_147063554.jpeg,1
test_img_182969672.jpeg,0
test_img_115310423.jpeg,1
test_img_19919326.jpeg,1
test_img_12199908.jpeg,1
test_img_92417831.jpeg,2
test_img_72179845.jpeg,1
test_img_106666890.jpeg,1
test_img_106377324.jpeg,2
test_img_172250060.jpeg,2
test_img_192302980.jpeg,2
test_img_112092412.jpeg,0
test_img_89760753.jpeg,1
test_img_68410731.jpeg,1
test_img_87943053.jpeg,2
test_img_143670131.jpeg,2
test_img_25265004.jpeg,2
test_img_177032792.jpeg,0
test_img_102286217.jpeg,0
test_img_162500308.jpeg,1
test_img_119689247.jpeg,2
test_img_145133188.jpeg,1
test_img_162929409.jpeg,1
test_img_53011854.jpeg,2
test_img_187455602.jpeg,2
test_img_180201389.jpeg,2
test_img_66957759.jpeg,2
test_img_191016167.jpeg,1
test_img_37366477.jpeg,2
test_img_75423812.jpeg,2
test_img_116332009.jpeg,1
test_img_130496173.jpeg,2
test_img_141446410.jpeg,1
test_img_144204497.jpeg,2
test_img_123427416.jpeg,2
test_img_4389829.jpeg,1
test_img_154829386.jpeg,2
test_img_157462144.jpeg,1
test_img_26397566.jpeg,0
test_img_153416780.jpeg,2
test_img_159178586.jpeg,2
test_img_29905247.jpeg,1
test_img_174106196.jpeg,0
test_img_148440702.jpeg,2
test_img_30274742.jpeg,1
test_img_167311036.jpeg,1
test_img_7050100.jpeg,1
test_img_186399235.jpeg,0
test_img_117867759.jpeg,1
test_img_98926795.jpeg,2
test_img_166320739.jpeg,2
test_img_3442385.jpeg,2
test_img_146141172.jpeg,1
test_img_62643757.jpeg,0
test_img_198354884.jpeg,2
test_img_3582081.jpeg,2
test_img_147188408.jpeg,0
test_img_20125678.jpeg,1
test_img_90019338.jpeg,1
test_img_67234044.jpeg,2
test_img_185361331.jpeg,1
test_img_1000229.jpeg,1
test_img_98692208.jpeg,1
test_img_38752019.jpeg,2
test_img_64123173.jpeg,1
test_img_25049913.jpeg,2
test_img_23557326.jpeg,1
test_img_123200508.jpeg,0
test_img_38659976.jpeg,0
test_img_94333385.jpeg,0
test_img_190119157.jpeg,1
test_img_52785689.jpeg,2
test_img_18116149.jpeg,1
test_img_164301582.jpeg,2
test_img_50713400.jpeg,0
test_img_159360192.jpeg,1
test_img_102318908.jpeg,2
test_img_190947187.jpeg,0
test_img_130805212.jpeg,2
test_img_188861280.jpeg,1
test_img_194059911.jpeg,0
test_img_184464074.jpeg,1
test_img_104936776.jpeg,1
test_img_51405496.jpeg,1
test_img_146959490.jpeg,0
test_img_11934727.jpeg,0
test_img_162109458.jpeg,2
test_img_73581597.jpeg,2
test_img_188870700.jpeg,2
test_img_133324347.jpeg,2
test_img_33459182.jpeg,0
test_img_161422270.jpeg,0
test_img_60692487.jpeg,1
test_img_165417906.jpeg,1
test_img_145014.jpeg,2
test_img_12610566.jpeg,0
test_img_118660538.jpeg,1
test_img_31008382.jpeg,1
test_img_198302699.jpeg,2
test_img_15650666.jpeg,2
test_img_151424654.jpeg,1
test_img_118644572.jpeg,2
test_img_36946353.jpeg,2
test_img_78103679.jpeg,0
test_img_116694595.jpeg,2
test_img_161096104.jpeg,2
test_img_46547639.jpeg,1
test_img_159674063.jpeg,1
test_img_38578269.jpeg,0
test_img_85084300.jpeg,0
test_img_80151840.jpeg,2
test_img_92001312.jpeg,2
test_img_189818523.jpeg,2
test_img_143884831.jpeg,1
test_img_24259732.jpeg,2
test_img_118774526.jpeg,1
test_img_160468964.jpeg,2
test_img_156454662.jpeg,0
test_img_36213488.jpeg,1
test_img_156819465.jpeg,1
test_img_178636515.jpeg,1
test_img_57713666.jpeg,0
test_img_59843053.jpeg,0
test_img_91964238.jpeg,2
test_img_16025318.jpeg,0
test_img_24048613.jpeg,2
test_img_140989178.jpeg,0
test_img_178956557.jpeg,1
test_img_157415717.jpeg,0
test_img_196207596.jpeg,0
test_img_119041484.jpeg,0
test_img_46388572.jpeg,1
test_img_19260435.jpeg,2
test_img_150577038.jpeg,0
test_img_146002736.jpeg,2
test_img_170173103.jpeg,1
test_img_194178768.jpeg,2
test_img_64088981.jpeg,2
test_img_74703190.jpeg,2
test_img_180958368.jpeg,0
test_img_180424803.jpeg,2
test_img_66310190.jpeg,0
test_img_91766909.jpeg,0
test_img_147976617.jpeg,1
test_img_59280413.jpeg,2
test_img_148471635.jpeg,1
test_img_160251794.jpeg,2
test_img_76339558.jpeg,0
test_img_18304106.jpeg,2
test_img_5029507.jpeg,0
test_img_68984776.jpeg,2
test_img_159059291.jpeg,1
test_img_193304763.jpeg,1
test_img_48817497.jpeg,0
test_img_62089449.jpeg,2
test_img_7200490.jpeg,2
test_img_190975872.jpeg,2
test_img_153460170.jpeg,2
test_img_127397160.jpeg,2
test_img_107102750.jpeg,0
test_img_143043558.jpeg,1
test_img_8784129.jpeg,0
test_img_197048553.jpeg,1
test_img_127102695.jpeg,1
test_img_39002063.jpeg,0
test_img_148056164.jpeg,1
test_img_7479926.jpeg,2
test_img_142862653.jpeg,1
test_img_33827450.jpeg,2
test_img_194905806.jpeg,1
test_img_145496326.jpeg,1
test_img_136142101.jpeg,2
test_img_74343247.jpeg,1
test_img_28750958.jpeg,1
test_img_86546005.jpeg,0
test_img_20835168.jpeg,1
test_img_130435744.jpeg,2
test_img_145331112.jpeg,0
test_img_77910924.jpeg,2
test_img_32352112.jpeg,1
test_img_77988111.jpeg,2
test_img_59643952.jpeg,0
test_img_149897884.jpeg,1
test_img_121994876.jpeg,2
test_img_9948130.jpeg,1
test_img_51225165.jpeg,2
test_img_199010545.jpeg,1
test_img_127887458.jpeg,2
test_img_148288211.jpeg,1
test_img_135088580.jpeg,2
test_img_49745352.jpeg,2
test_img_114465259.jpeg,2
test_img_95089608.jpeg,2
test_img_123589462.jpeg,2
test_img_15920452.jpeg,1
test_img_199359178.jpeg,2
test_img_167675375.jpeg,2
test_img_173862919.jpeg,2
test_img_112416738.jpeg,1
test_img_70110853.jpeg,1
test_img_143105349.jpeg,0
test_img_53948262.jpeg,1
test_img_14620957.jpeg,1
test_img_36423678.jpeg,2
test_img_127960710.jpeg,2
test_img_156692193.jpeg,1
test_img_9271362.jpeg,2
test_img_199896655.jpeg,2
test_img_64072442.jpeg,0
test_img_31632139.jpeg,0
test_img_180627513.jpeg,0
test_img_84279136.jpeg,2
test_img_137087891.jpeg,2
test_img_171678604.jpeg,1
test_img_74132859.jpeg,1
test_img_167576371.jpeg,0
test_img_44681672.jpeg,2
test_img_36966546.jpeg,2
test_img_94625290.jpeg,0
test_img_163816145.jpeg,2
test_img_136006042.jpeg,0
test_img_61434420.jpeg,0
test_img_22333371.jpeg,2
test_img_28818924.jpeg,2
test_img_68083076.jpeg,1
test_img_184045667.jpeg,1
test_img_176046801.jpeg,0
test_img_192536547.jpeg,1
test_img_132967158.jpeg,1
test_img_107070077.jpeg,2
test_img_177351005.jpeg,1
test_img_192234087.jpeg,1
test_img_136012242.jpeg,2
test_img_110585796.jpeg,2
test_img_17265007.jpeg,0
test_img_165957073.jpeg,1
test_img_53792540.jpeg,2
test_img_134885509.jpeg,2
test_img_11519769.jpeg,1
test_img_47391671.jpeg,1
test_img_67269877.jpeg,1
test_img_68221848.jpeg,0
test_img_193170720.jpeg,2
test_img_3142869.jpeg,1
test_img_30891402.jpeg,2
test_img_11740077.jpeg,1
test_img_143437598.jpeg,0
test_img_105144904.jpeg,2
test_img_148910466.jpeg,1
test_img_175667333.jpeg,1
test_img_167021530.jpeg,1
test_img_32916012.jpeg,2
test_img_162416850.jpeg,1
test_img_79274330.jpeg,1
test_img_51533867.jpeg,1
test_img_156905479.jpeg,2
test_img_186696084.jpeg,0
test_img_14159870.jpeg,2
test_img_1026913.jpeg,1
test_img_187952673.jpeg,0
test_img_25749824.jpeg,2
test_img_113298397.jpeg,0
test_img_22021571.jpeg,1
test_img_178996744.jpeg,2
test_img_4593545.jpeg,2
test_img_32576087.jpeg,1
test_img_54243866.jpeg,0
test_img_12618122.jpeg,2
test_img_169350665.jpeg,0
test_img_87174321.jpeg,0
test_img_109596206.jpeg,1
test_img_190271223.jpeg,1
test_img_36312044.jpeg,1
test_img_159916863.jpeg,1
test_img_10102168.jpeg,1
test_img_75377991.jpeg,0
test_img_157653107.jpeg,2
test_img_56981139.jpeg,1
test_img_142237070.jpeg,2
test_img_176991535.jpeg,2
test_img_16998890.jpeg,0
test_img_49025961.jpeg,0
test_img_95863708.jpeg,1
test_img_84897991.jpeg,1
test_img_187935056.jpeg,1
test_img_167959840.jpeg,2
test_img_123294223.jpeg,2
test_img_162818080.jpeg,2
test_img_60390376.jpeg,0
test_img_13660727.jpeg,1
test_img_182018167.jpeg,2
test_img_144235278.jpeg,0
test_img_83955709.jpeg,1
test_img_51013011.jpeg,1
test_img_167517250.jpeg,1
test_img_37423170.jpeg,0
test_img_117469411.jpeg,1
test_img_26851785.jpeg,1
test_img_158667433.jpeg,2
test_img_189254984.jpeg,0
test_img_117606417.jpeg,1
test_img_138991569.jpeg,1
test_img_67240813.jpeg,0
test_img_129804528.jpeg,2
test_img_122415813.jpeg,1
test_img_24004113.jpeg,1
test_img_133601090.jpeg,2
test_img_78866067.jpeg,2
test_img_9213290.jpeg,2
test_img_183855073.jpeg,0
test_img_54782195.jpeg,2
test_img_81266170.jpeg,1
test_img_112808017.jpeg,0
test_img_125875032.jpeg,2
test_img_130245741.jpeg,0
test_img_198848627.jpeg,1
test_img_18426970.jpeg,2
test_img_46725960.jpeg,0
test_img_105183680.jpeg,1
test_img_129169904.jpeg,1
test_img_75921006.jpeg,1
test_img_151297001.jpeg,2
test_img_22147867.jpeg,2
test_img_11145576.jpeg,0
test_img_106946082.jpeg,2
test_img_22655763.jpeg,1
test_img_54007951.jpeg,2
test_img_109066380.jpeg,2
test_img_135384151.jpeg,2
test_img_179409326.jpeg,2
test_img_129988952.jpeg,1
test_img_161912061.jpeg,2
test_img_131933750.jpeg,1
test_img_132450713.jpeg,1
test_img_107834167.jpeg,2
test_img_184319491.jpeg,1
test_img_67540442.jpeg,1
test_img_161549166.jpeg,0
test_img_161706610.jpeg,0
test_img_85083015.jpeg,1
test_img_67240150.jpeg,1
test_img_101818505.jpeg,0
test_img_17381942.jpeg,2
test_img_90117006.jpeg,1
test_img_69392641.jpeg,0
test_img_178177860.jpeg,0
test_img_149970078.jpeg,2
test_img_122242602.jpeg,2
test_img_86871175.jpeg,2
test_img_87577513.jpeg,2
test_img_44517740.jpeg,2
test_img_125897466.jpeg,1
test_img_62692820.jpeg,2
test_img_71220146.jpeg,1
test_img_57232049.jpeg,1
test_img_122322635.jpeg,0
test_img_69204519.jpeg,2
test_img_176108050.jpeg,2
test_img_194318071.jpeg,1
test_img_138576378.jpeg,1
test_img_127184731.jpeg,0
test_img_80299493.jpeg,1
test_img_143659551.jpeg,2
test_img_198783570.jpeg,1
test_img_68001106.jpeg,1
test_img_176447023.jpeg,2
test_img_96066710.jpeg,0
test_img_65028621.jpeg,1
test_img_143795271.jpeg,2
test_img_106772784.jpeg,0
test_img_85614166.jpeg,2
test_img_92116308.jpeg,2
test_img_176636715.jpeg,1
test_img_104140236.jpeg,0
test_img_36399821.jpeg,1
test_img_12534869.jpeg,2
test_img_182122600.jpeg,2
test_img_39503274.jpeg,1
test_img_15251748.jpeg,2
test_img_179349913.jpeg,1
test_img_153610366.jpeg,1
test_img_54590461.jpeg,1
test_img_116337212.jpeg,2
test_img_114570024.jpeg,0
test_img_157411500.jpeg,2
test_img_20329739.jpeg,2
test_img_4903834.jpeg,1
test_img_63359447.jpeg,1
test_img_39795991.jpeg,0
test_img_131996421.jpeg,2
test_img_120159857.jpeg,2
test_img_51212598.jpeg,0
test_img_198284605.jpeg,2
test_img_144760282.jpeg,2
test_img_162957425.jpeg,0
test_img_87481877.jpeg,2
test_img_23456928.jpeg,0
test_img_98303406.jpeg,1
test_img_36300078.jpeg,1
test_img_99290492.jpeg,1
test_img_125564233.jpeg,1
test_img_96416476.jpeg,1
test_img_90446509.jpeg,2
test_img_16293643.jpeg,0
test_img_163102674.jpeg,1
test_img_59807006.jpeg,2
test_img_90769589.jpeg,2
test_img_38611405.jpeg,2
test_img_62587944.jpeg,2
test_img_124065078.jpeg,1
test_img_170056988.jpeg,2
test_img_54556265.jpeg,2
test_img_117803378.jpeg,1
test_img_664845.jpeg,0
test_img_100525803.jpeg,2
test_img_4163580.jpeg,2
test_img_189263947.jpeg,2
test_img_17635735.jpeg,2
test_img_109554358.jpeg,1
test_img_143688185.jpeg,2
test_img_69181244.jpeg,0
test_img_40176177.jpeg,2
test_img_188902251.jpeg,0
test_img_155416980.jpeg,2
test_img_22726660.jpeg,0
test_img_34609456.jpeg,0
test_img_21766231.jpeg,1
test_img_46769452.jpeg,0
test_img_57973564.jpeg,2
test_img_108707609.jpeg,2
test_img_52382541.jpeg,1
test_img_27352548.jpeg,2
test_img_78130101.jpeg,1
test_img_86361457.jpeg,2
test_img_56703047.jpeg,0
test_img_57701751.jpeg,1
test_img_130212245.jpeg,2
test_img_29467911.jpeg,0
test_img_181783496.jpeg,2
test_img_17531037.jpeg,2
test_img_170177031.jpeg,1
test_img_148841659.jpeg,1
test_img_81527773.jpeg,2
test_img_184532484.jpeg,2
test_img_26729378.jpeg,1
test_img_138492903.jpeg,1
test_img_32053345.jpeg,2
test_img_137597395.jpeg,2
test_img_36495455.jpeg,0
test_img_167247770.jpeg,2
test_img_95362671.jpeg,0
test_img_121302049.jpeg,2
test_img_100252267.jpeg,1
test_img_132618334.jpeg,1
test_img_61051500.jpeg,0
test_img_28421685.jpeg,1
test_img_127289491.jpeg,0
test_img_63451974.jpeg,2
test_img_38062547.jpeg,2
test_img_36332335.jpeg,0
test_img_71318948.jpeg,1
test_img_162110104.jpeg,0
test_img_95657658.jpeg,1
test_img_166660638.jpeg,2
test_img_157327977.jpeg,1
test_img_85934984.jpeg,2
test_img_89057053.jpeg,2
test_img_30343917.jpeg,1
test_img_41958751.jpeg,2
test_img_82589876.jpeg,1
test_img_122332560.jpeg,0
test_img_91304071.jpeg,2
test_img_6378453.jpeg,2
test_img_64198776.jpeg,1
test_img_136488281.jpeg,0
test_img_36631613.jpeg,1
test_img_74939065.jpeg,1
test_img_127514798.jpeg,1
test_img_129926947.jpeg,2
test_img_12138219.jpeg,2
test_img_84016482.jpeg,2
test_img_189072882.jpeg,2
test_img_17735688.jpeg,0
test_img_128759446.jpeg,2
test_img_6505553.jpeg,1
test_img_65580055.jpeg,1
test_img_24567025.jpeg,2
test_img_14413373.jpeg,0
test_img_108159166.jpeg,1
test_img_156865281.jpeg,0
test_img_89464649.jpeg,2
test_img_105319269.jpeg,0
test_img_65114942.jpeg,2
test_img_61636261.jpeg,1
test_img_108408170.jpeg,0
test_img_145817454.jpeg,2
test_img_141687877.jpeg,0
test_img_57287885.jpeg,2
test_img_165617823.jpeg,2
test_img_166733417.jpeg,2
test_img_167740389.jpeg,2
test_img_103179771.jpeg,0
test_img_1164078.jpeg,2
test_img_139188007.jpeg,2
test_img_104327076.jpeg,0
test_img_181771928.jpeg,1
test_img_116858095.jpeg,0
test_img_193823971.jpeg,1
test_img_102263044.jpeg,2
test_img_23380438.jpeg,2
test_img_6609952.jpeg,0
test_img_179324614.jpeg,0
test_img_162715203.jpeg,0
test_img_31496911.jpeg,0
test_img_44342233.jpeg,1
test_img_125857348.jpeg,2
test_img_6529261.jpeg,1
test_img_68035690.jpeg,0
test_img_43226535.jpeg,2
test_img_193666899.jpeg,0
test_img_125784814.jpeg,2
test_img_150522790.jpeg,1
test_img_146269214.jpeg,0
test_img_91033530.jpeg,2
test_img_144079514.jpeg,1
test_img_57943090.jpeg,0
test_img_10547582.jpeg,2
test_img_13715236.jpeg,2
test_img_70902940.jpeg,2
test_img_24356485.jpeg,0
test_img_145981297.jpeg,1
test_img_145737300.jpeg,2
test_img_102028858.jpeg,0
test_img_194554109.jpeg,1
test_img_11702740.jpeg,1
test_img_57078849.jpeg,2
test_img_146726498.jpeg,2
test_img_128992757.jpeg,0
test_img_63407066.jpeg,1
test_img_170798122.jpeg,1
test_img_121988446.jpeg,1
test_img_165620232.jpeg,2
test_img_14370528.jpeg,2
test_img_178128084.jpeg,0
test_img_141076160.jpeg,1
test_img_12595603.jpeg,1
test_img_39018810.jpeg,2
test_img_148207849.jpeg,0
test_img_120294764.jpeg,2
test_img_178085576.jpeg,1
test_img_14323721.jpeg,1
test_img_14348795.jpeg,0
test_img_99677044.jpeg,1
test_img_138952780.jpeg,2
test_img_62301827.jpeg,2
test_img_146341037.jpeg,0
test_img_36037729.jpeg,1
test_img_112118540.jpeg,2
test_img_71766667.jpeg,1
test_img_38537498.jpeg,1
test_img_14963933.jpeg,1
test_img_27539831.jpeg,1
test_img_127323452.jpeg,2
test_img_31020458.jpeg,0
test_img_10391387.jpeg,1
test_img_28981172.jpeg,2
test_img_118118550.jpeg,0
test_img_87924254.jpeg,2
test_img_62222435.jpeg,1
test_img_88687661.jpeg,0
test_img_68184679.jpeg,0
test_img_148825162.jpeg,0
test_img_152362825.jpeg,1
test_img_125275862.jpeg,0
test_img_36479879.jpeg,1
test_img_184738814.jpeg,2
test_img_60566025.jpeg,0
test_img_39416735.jpeg,1
test_img_168764043.jpeg,1
test_img_186606585.jpeg,1
test_img_197259227.jpeg,1
test_img_7801943.jpeg,2
test_img_193037789.jpeg,1
test_img_161934231.jpeg,0
test_img_291328.jpeg,1
test_img_143731824.jpeg,1
test_img_193931879.jpeg,2
test_img_190183995.jpeg,0
test_img_34118840.jpeg,2
test_img_47978274.jpeg,0
test_img_139610336.jpeg,2
test_img_21898413.jpeg,0
test_img_113051833.jpeg,2
test_img_87062542.jpeg,2
test_img_39404548.jpeg,0
test_img_31039300.jpeg,1
test_img_110150509.jpeg,1
test_img_98327811.jpeg,2
test_img_90069859.jpeg,1
test_img_167187534.jpeg,1
test_img_99278225.jpeg,2
test_img_66853168.jpeg,1
test_img_54556998.jpeg,2
test_img_152869751.jpeg,2
test_img_46993242.jpeg,2
test_img_10652392.jpeg,1
test_img_104446534.jpeg,1
test_img_88316543.jpeg,0
test_img_198164009.jpeg,0
test_img_79113635.jpeg,1
test_img_82262463.jpeg,2
test_img_12984717.jpeg,2
test_img_172819129.jpeg,2
test_img_153900446.jpeg,1
test_img_112495640.jpeg,0
test_img_82535012.jpeg,2
test_img_180965977.jpeg,1
test_img_61606951.jpeg,2
test_img_190100060.jpeg,2
test_img_46622928.jpeg,2
test_img_102104273.jpeg,2
test_img_62924112.jpeg,2
test_img_166997800.jpeg,1
test_img_92333434.jpeg,0
test_img_10487520.jpeg,0
test_img_157878675.jpeg,2
test_img_24968945.jpeg,2
test_img_25602965.jpeg,1
test_img_164551091.jpeg,1
test_img_171794488.jpeg,0
test_img_141713882.jpeg,1
test_img_143503117.jpeg,1
test_img_30718717.jpeg,1
test_img_149024554.jpeg,0
test_img_40801527.jpeg,1
test_img_123846034.jpeg,1
test_img_40125026.jpeg,1
test_img_141381387.jpeg,2
test_img_118422803.jpeg,1
test_img_82052803.jpeg,0
test_img_60872436.jpeg,1
test_img_185058562.jpeg,1
test_img_33900920.jpeg,1
test_img_132187113.jpeg,1
test_img_53888752.jpeg,2
test_img_192300074.jpeg,1
test_img_69779108.jpeg,2
test_img_101265901.jpeg,2
test_img_170202744.jpeg,2
test_img_160884087.jpeg,0
test_img_60941331.jpeg,2
test_img_179703083.jpeg,0
test_img_33231529.jpeg,2
test_img_116388293.jpeg,2
test_img_110133617.jpeg,2
test_img_46158430.jpeg,2
test_img_138170684.jpeg,1
test_img_123880515.jpeg,0
test_img_165523554.jpeg,1
test_img_147275012.jpeg,0
test_img_89193342.jpeg,1
test_img_30789247.jpeg,2
test_img_164228208.jpeg,2
test_img_179285370.jpeg,0
test_img_18551895.jpeg,2
test_img_114820775.jpeg,1
test_img_140232183.jpeg,0
test_img_37487180.jpeg,2
test_img_153992433.jpeg,1
test_img_111433125.jpeg,1
test_img_109689705.jpeg,0
test_img_150742706.jpeg,0
test_img_50950839.jpeg,2
test_img_100264991.jpeg,1
